ID,BBS,IOUT,MINHITS,P1,P2,P3,P4,P5,Mean
0_0.0001_1,0,0.0001,1,57.15,63.92,82.24,73.19,72.05,69.71
0_0.0001_3,0,0.0001,3,89.14,87.91,96.34,87.98,76.57,87.588
0_0.0001_5,0,0.0001,5,88.31,87.23,96.09,91.1,72.94,87.134
0_0.0001_7,0,0.0001,7,87.55,85.5,95.85,90.5,70.24,85.928
0_0.0001_9,0,0.0001,9,86.85,84.26,95.6,89.92,67.89,84.904
0_0.0001_11,0,0.0001,11,86.24,83.11,95.35,89.3,65.78,83.956
0_0.0001_13,0,0.0001,13,85.48,81.89,95.09,88.67,64.07,83.04
0_0.0001_15,0,0.0001,15,85.03,80.8,94.82,88.02,62.51,82.236
0_0.0005_1,0,0.0005,1,91.77,92.34,96.55,92.8,82.03,91.098
0_0.0005_3,0,0.0005,3,89.7,89.33,96.34,91.74,75.92,88.606
0_0.0005_5,0,0.0005,5,88.31,87.23,96.09,91.03,72,86.932
0_0.0005_7,0,0.0005,7,87.55,85.5,95.85,90.37,69.08,85.67
0_0.0005_9,0,0.0005,9,86.85,84.26,95.6,89.71,66.61,84.606
0_0.0005_11,0,0.0005,11,86.24,83.11,95.35,89.09,64.46,83.65
0_0.0005_13,0,0.0005,13,85.48,81.89,95.09,88.47,62.72,82.73
0_0.0005_15,0,0.0005,15,85.03,80.8,94.82,87.81,61.05,81.902
0_0.001_1,0,0.001,1,91.77,92.32,96.55,92.8,82.03,91.094
0_0.001_3,0,0.001,3,89.7,89.33,96.34,91.74,75.92,88.606
0_0.001_5,0,0.001,5,88.31,87.23,96.09,91.03,72,86.932
0_0.001_7,0,0.001,7,87.55,85.46,95.85,90.37,69.08,85.662
0_0.001_9,0,0.001,9,86.85,84.22,95.6,89.71,66.61,84.598
0_0.001_11,0,0.001,11,86.24,83.07,95.35,89.09,64.46,83.642
0_0.001_13,0,0.001,13,85.48,81.85,95.09,88.47,62.72,82.722
0_0.001_15,0,0.001,15,85.03,80.76,94.82,87.81,61.05,81.894
0_0.005_1,0,0.005,1,91.77,92.24,96.55,92.8,81.91,91.054
0_0.005_3,0,0.005,3,89.7,89.35,96.34,91.74,75.91,88.608
0_0.005_5,0,0.005,5,88.31,87.23,96.09,91.03,72.14,86.96
0_0.005_7,0,0.005,7,87.55,85.42,95.85,90.37,69.58,85.754
0_0.005_9,0,0.005,9,86.85,84.18,95.6,89.71,67.37,84.742
0_0.005_11,0,0.005,11,86.24,83.06,95.35,89.09,65.27,83.802
0_0.005_13,0,0.005,13,85.48,81.85,95.09,88.47,63.63,82.904
0_0.005_15,0,0.005,15,85.03,80.56,94.82,87.81,62.26,82.096
0_0.01_1,0,0.01,1,91.73,92.14,96.55,92.8,81.87,91.018
0_0.01_3,0,0.01,3,89.36,89.37,96.34,91.74,75.78,88.518
0_0.01_5,0,0.01,5,87.89,87.24,96.09,91.03,72.02,86.854
0_0.01_7,0,0.01,7,87.17,85.35,95.85,90.37,69.46,85.64
0_0.01_9,0,0.01,9,86.51,84.12,95.6,89.71,67.25,84.638
0_0.01_11,0,0.01,11,85.94,82.92,95.35,89.09,65.14,83.688
0_0.01_13,0,0.01,13,85.31,81.85,95.09,88.47,63.51,82.846
0_0.01_15,0,0.01,15,84.86,80.56,94.82,87.81,62.13,82.036
0_0.05_1,0,0.05,1,91.49,91.88,96.47,92.73,81.33,90.78
0_0.05_3,0,0.05,3,88.76,88.66,96.19,90.5,74.65,87.752
0_0.05_5,0,0.05,5,87.29,86.41,95.71,88.91,70.38,85.74
0_0.05_7,0,0.05,7,86.55,84.57,95.44,87.83,67.13,84.304
0_0.05_9,0,0.05,9,85.87,83.19,95.18,86.85,64.81,83.18
0_0.05_11,0,0.05,11,85.22,81.91,94.91,85.77,62.6,82.082
0_0.05_13,0,0.05,13,84.67,81.04,94.65,84.94,60.63,81.186
0_0.05_15,0,0.05,15,84.15,80.17,94.38,83.91,58.68,80.258
0_0.1_1,0,0.1,1,90.74,91.65,96.21,92.36,80.47,90.286
0_0.1_3,0,0.1,3,87.55,87.4,95.35,90.24,71.16,86.34
0_0.1_5,0,0.1,5,85.54,84.2,94.35,89.07,66.02,83.836
0_0.1_7,0,0.1,7,84.52,81.47,93.71,88.1,62.33,82.026
0_0.1_9,0,0.1,9,83.56,79.66,93.09,86.96,59.34,80.522
0_0.1_11,0,0.1,11,82.81,78.17,92.33,85.99,57.07,79.274
0_0.1_13,0,0.1,13,82.09,77,91.8,85.2,55.31,78.28
0_0.1_15,0,0.1,15,81.45,76.11,91.27,84.41,53.55,77.358
0_0.5_1,0,0.5,1,79.63,81.75,89.87,82.76,65.35,79.872
0_0.5_3,0,0.5,3,71.12,65.29,83.39,75.16,47.22,68.436
0_0.5_5,0,0.5,5,67.19,58.19,78.36,70.71,37.53,62.396
0_0.5_7,0,0.5,7,63.68,52.34,75.02,66.87,31.92,57.966
0_0.5_9,0,0.5,9,60.28,48.13,71.71,64.14,27.73,54.398
0_0.5_11,0,0.5,11,57.55,45.55,69.06,61.36,24.34,51.572
0_0.5_13,0,0.5,13,55.78,43,66.92,58.6,22.48,49.356
0_0.5_15,0,0.5,15,54.31,41.23,65.05,56.93,20.98,47.7
0_1_1,0,1,1,0,0,0,0,0,0
0_1_3,0,1,3,0,0,0,0,0,0
0_1_5,0,1,5,0,0,0,0,0,0
0_1_7,0,1,7,0,0,0,0,0,0
0_1_9,0,1,9,0,0,0,0,0,0
0_1_11,0,1,11,0,0,0,0,0,0
0_1_13,0,1,13,0,0,0,0,0,0
0_1_15,0,1,15,0,0,0,0,0,0
0_5_1,0,5,1,0,0,0,0,0,0
0_5_3,0,5,3,0,0,0,0,0,0
0_5_5,0,5,5,0,0,0,0,0,0
0_5_7,0,5,7,0,0,0,0,0,0
0_5_9,0,5,9,0,0,0,0,0,0
0_5_11,0,5,11,0,0,0,0,0,0
0_5_13,0,5,13,0,0,0,0,0,0
0_5_15,0,5,15,0,0,0,0,0,0
2_0.0001_1,2,0.0001,1,91.79,92.5,96.64,93.03,82.07,91.206
2_0.0001_3,2,0.0001,3,90.09,90.29,96.39,92.11,77.24,89.224
2_0.0001_5,2,0.0001,5,88.95,88.6,96.09,91.48,73.86,87.796
2_0.0001_7,2,0.0001,7,88.07,87.3,95.76,90.93,71.34,86.68
2_0.0001_9,2,0.0001,9,87.37,86.01,95.42,90.36,69.19,85.67
2_0.0001_11,2,0.0001,11,86.69,84.85,95.08,89.75,67.14,84.702
2_0.0001_13,2,0.0001,13,86.05,83.82,94.74,89.14,65.3,83.81
2_0.0001_15,2,0.0001,15,85.44,82.76,94.38,88.51,63.75,82.968
2_0.0005_1,2,0.0005,1,91.65,92.5,96.64,93.03,82.07,91.178
2_0.0005_3,2,0.0005,3,90,90.29,96.39,92.11,77.24,89.206
2_0.0005_5,2,0.0005,5,88.9,88.6,96.09,91.48,73.86,87.786
2_0.0005_7,2,0.0005,7,88.15,87.3,95.76,90.93,71.34,86.696
2_0.0005_9,2,0.0005,9,87.39,86.01,95.42,90.36,69.19,85.674
2_0.0005_11,2,0.0005,11,86.87,84.85,95.08,89.75,67.14,84.738
2_0.0005_13,2,0.0005,13,86.42,83.82,94.74,89.14,65.3,83.884
2_0.0005_15,2,0.0005,15,86.01,82.76,94.38,88.51,63.75,83.082
2_0.001_1,2,0.001,1,91.65,92.5,96.64,93.03,82.03,91.17
2_0.001_3,2,0.001,3,90,90.29,96.39,92.11,77.17,89.192
2_0.001_5,2,0.001,5,88.9,88.6,96.09,91.48,73.82,87.778
2_0.001_7,2,0.001,7,88.15,87.3,95.76,90.93,71.3,86.688
2_0.001_9,2,0.001,9,87.39,86.01,95.42,90.36,69.15,85.666
2_0.001_11,2,0.001,11,86.87,84.85,95.08,89.75,67.11,84.732
2_0.001_13,2,0.001,13,86.42,83.82,94.74,89.14,65.28,83.88
2_0.001_15,2,0.001,15,86.01,82.76,94.38,88.51,63.72,83.076
2_0.005_1,2,0.005,1,91.74,92.5,96.64,93.12,81.94,91.188
2_0.005_3,2,0.005,3,90.17,90.29,96.39,92.14,76.96,89.19
2_0.005_5,2,0.005,5,89.11,88.6,96.09,91.46,73.48,87.748
2_0.005_7,2,0.005,7,88.37,87.3,95.76,90.75,70.92,86.62
2_0.005_9,2,0.005,9,87.73,86.01,95.42,90.13,68.72,85.602
2_0.005_11,2,0.005,11,87.15,84.85,95.08,89.52,66.7,84.66
2_0.005_13,2,0.005,13,86.42,83.82,94.74,88.91,64.88,83.754
2_0.005_15,2,0.005,15,86.01,82.76,94.38,88.28,63.37,82.96
2_0.01_1,2,0.01,1,91.74,92.29,96.64,93.12,82.04,91.166
2_0.01_3,2,0.01,3,90.17,89.99,96.39,92.14,76.55,89.048
2_0.01_5,2,0.01,5,89.11,88.33,96.09,91.46,72.99,87.596
2_0.01_7,2,0.01,7,88.37,86.95,95.76,90.75,70.42,86.45
2_0.01_9,2,0.01,9,87.73,85.59,95.42,90.13,68.24,85.422
2_0.01_11,2,0.01,11,87.15,84.49,95.08,89.52,66.28,84.504
2_0.01_13,2,0.01,13,86.42,83.54,94.74,88.91,64.63,83.648
2_0.01_15,2,0.01,15,86.01,82.53,94.38,88.28,63.21,82.882
2_0.05_1,2,0.05,1,91.68,92.2,96.6,93.07,81.89,91.088
2_0.05_3,2,0.05,3,89.82,89.94,96.34,91.89,76.06,88.81
2_0.05_5,2,0.05,5,88.9,88.33,96.05,91.19,72.55,87.404
2_0.05_7,2,0.05,7,88.21,86.95,95.72,90.55,69.69,86.224
2_0.05_9,2,0.05,9,87.59,85.68,95.38,89.9,67.37,85.184
2_0.05_11,2,0.05,11,87.03,84.51,95.04,89.33,65.25,84.232
2_0.05_13,2,0.05,13,86.22,83.68,94.69,88.81,63.58,83.396
2_0.05_15,2,0.05,15,85.74,82.8,94.34,88.3,62.05,82.646
2_0.1_1,2,0.1,1,90.89,91.79,96.33,92.88,81.22,90.622
2_0.1_3,2,0.1,3,87.93,87.75,95.91,90.43,73.47,87.098
2_0.1_5,2,0.1,5,86.31,84.66,95.49,88.69,68.56,84.742
2_0.1_7,2,0.1,7,85.42,82.23,95.07,87.54,65.09,83.07
2_0.1_9,2,0.1,9,84.63,79.99,94.64,86.28,62.58,81.624
2_0.1_11,2,0.1,11,83.96,78.7,94.21,85.15,60.11,80.426
2_0.1_13,2,0.1,13,83.2,77.65,93.78,84.24,58.17,79.408
2_0.1_15,2,0.1,15,82.35,76.49,93.34,83.13,56.81,78.424
2_0.5_1,2,0.5,1,83.51,83.16,92.2,84.95,70.67,82.898
2_0.5_3,2,0.5,3,76.44,71.67,86.94,77.05,56.66,73.752
2_0.5_5,2,0.5,5,71.88,64.75,82.77,73.12,48.72,68.248
2_0.5_7,2,0.5,7,67.92,59.64,78.93,69.38,43.62,63.898
2_0.5_9,2,0.5,9,65.08,55.89,75.24,66.84,40.35,60.68
2_0.5_11,2,0.5,11,62.7,52.84,72.72,64.41,37.31,57.996
2_0.5_13,2,0.5,13,60.04,50.95,70.44,61.81,34.53,55.554
2_0.5_15,2,0.5,15,58.27,49.42,68.84,60.05,32.84,53.884
2_1_1,2,1,1,0,0,0,0,0,0
2_1_3,2,1,3,0,0,0,0,0,0
2_1_5,2,1,5,0,0,0,0,0,0
2_1_7,2,1,7,0,0,0,0,0,0
2_1_9,2,1,9,0,0,0,0,0,0
2_1_11,2,1,11,0,0,0,0,0,0
2_1_13,2,1,13,0,0,0,0,0,0
2_1_15,2,1,15,0,0,0,0,0,0
2_5_1,2,5,1,0,0,0,0,0,0
2_5_3,2,5,3,0,0,0,0,0,0
2_5_5,2,5,5,0,0,0,0,0,0
2_5_7,2,5,7,0,0,0,0,0,0
2_5_9,2,5,9,0,0,0,0,0,0
2_5_11,2,5,11,0,0,0,0,0,0
2_5_13,2,5,13,0,0,0,0,0,0
2_5_15,2,5,15,0,0,0,0,0,0
4_0.0001_1,4,0.0001,1,91.79,92.52,96.58,93.05,82.15,91.218
4_0.0001_3,4,0.0001,3,89.96,90.3,96.38,92.43,76.71,89.156
4_0.0001_5,4,0.0001,5,88.55,88.73,96.13,91.92,73.34,87.734
4_0.0001_7,4,0.0001,7,87.78,87.41,95.88,91.44,70.47,86.596
4_0.0001_9,4,0.0001,9,87.19,86.07,95.63,90.91,68.14,85.588
4_0.0001_11,4,0.0001,11,86.61,84.87,95.38,90.31,66.03,84.64
4_0.0001_13,4,0.0001,13,86.09,83.84,95.13,89.7,64.21,83.794
4_0.0001_15,4,0.0001,15,85.46,82.78,94.86,89.06,62.6,82.952
4_0.0005_1,4,0.0005,1,91.79,92.52,96.58,93.05,82.07,91.202
4_0.0005_3,4,0.0005,3,89.96,90.3,96.38,92.43,76.63,89.14
4_0.0005_5,4,0.0005,5,88.55,88.73,96.13,91.92,73.3,87.726
4_0.0005_7,4,0.0005,7,87.78,87.41,95.88,91.44,70.43,86.588
4_0.0005_9,4,0.0005,9,87.19,86.07,95.63,90.91,67.97,85.554
4_0.0005_11,4,0.0005,11,86.61,84.87,95.38,90.31,65.92,84.618
4_0.0005_13,4,0.0005,13,86.09,83.84,95.13,89.7,64.16,83.784
4_0.0005_15,4,0.0005,15,85.46,82.78,94.86,89.06,62.57,82.946
4_0.001_1,4,0.001,1,91.79,92.52,96.58,93.05,82.1,91.208
4_0.001_3,4,0.001,3,89.96,90.3,96.38,92.43,76.91,89.196
4_0.001_5,4,0.001,5,88.55,88.73,96.13,91.92,73.32,87.73
4_0.001_7,4,0.001,7,87.78,87.41,95.88,91.44,70.69,86.64
4_0.001_9,4,0.001,9,87.19,86.07,95.63,90.91,68.47,85.654
4_0.001_11,4,0.001,11,86.61,84.87,95.38,90.31,66.44,84.722
4_0.001_13,4,0.001,13,86.09,83.84,95.13,89.7,64.58,83.868
4_0.001_15,4,0.001,15,85.46,82.78,94.86,89.06,62.94,83.02
4_0.005_1,4,0.005,1,91.84,92.51,96.58,93.05,82.1,91.216
4_0.005_3,4,0.005,3,90.12,90.3,96.38,92.43,76.91,89.228
4_0.005_5,4,0.005,5,88.72,88.73,96.13,91.92,73.32,87.764
4_0.005_7,4,0.005,7,88.04,87.41,95.88,91.44,70.69,86.692
4_0.005_9,4,0.005,9,87.43,86.07,95.63,90.91,68.47,85.702
4_0.005_11,4,0.005,11,86.83,84.87,95.38,90.31,66.44,84.766
4_0.005_13,4,0.005,13,86.32,83.84,95.13,89.7,64.58,83.914
4_0.005_15,4,0.005,15,85.74,82.78,94.86,89.06,62.94,83.076
4_0.01_1,4,0.01,1,91.81,92.51,96.58,93.01,82.1,91.202
4_0.01_3,4,0.01,3,89.92,90.3,96.38,92.24,76.91,89.15
4_0.01_5,4,0.01,5,88.51,88.73,96.13,91.65,73.32,87.668
4_0.01_7,4,0.01,7,87.83,87.41,95.88,91.05,70.69,86.572
4_0.01_9,4,0.01,9,87.22,86.07,95.63,90.4,68.47,85.558
4_0.01_11,4,0.01,11,86.62,84.87,95.38,89.79,66.44,84.62
4_0.01_13,4,0.01,13,86.12,83.84,95.13,89.19,64.58,83.772
4_0.01_15,4,0.01,15,85.54,82.78,94.86,88.55,62.94,82.934
4_0.05_1,4,0.05,1,91.91,92.31,96.55,93.1,81.89,91.152
4_0.05_3,4,0.05,3,89.79,89.99,96.33,92.3,76.33,88.948
4_0.05_5,4,0.05,5,88.96,88.36,96.09,91.71,73.02,87.628
4_0.05_7,4,0.05,7,88.25,86.84,95.84,91,70.05,86.396
4_0.05_9,4,0.05,9,87.67,85.63,95.59,90.38,67.94,85.442
4_0.05_11,4,0.05,11,87.18,84.55,95.34,89.77,65.96,84.56
4_0.05_13,4,0.05,13,86.42,83.52,95.08,89.16,64.15,83.666
4_0.05_15,4,0.05,15,85.97,82.48,94.82,88.53,62.53,82.866
4_0.1_1,4,0.1,1,91.69,92.1,96.55,93,81.69,91.006
4_0.1_3,4,0.1,3,89.16,89.01,96.33,91.24,76.06,88.36
4_0.1_5,4,0.1,5,87.96,86.89,96.09,90.39,72.8,86.826
4_0.1_7,4,0.1,7,86.97,85.4,95.84,89.67,70.02,85.58
4_0.1_9,4,0.1,9,86.14,83.93,95.59,88.94,67.97,84.514
4_0.1_11,4,0.1,11,85.53,82.84,95.34,88.12,66.02,83.57
4_0.1_13,4,0.1,13,84.86,81.69,95.08,87.51,64.48,82.724
4_0.1_15,4,0.1,15,84.31,80.81,94.82,86.87,63.12,81.986
4_0.5_1,4,0.5,1,85.54,85.89,93.82,86.78,73.55,85.116
4_0.5_3,4,0.5,3,78.91,76.62,89.67,78.96,59.77,76.786
4_0.5_5,4,0.5,5,74.77,72.76,86.58,74.48,53.7,72.458
4_0.5_7,4,0.5,7,72.06,70.06,83.74,70.73,49.36,69.19
4_0.5_9,4,0.5,9,69.3,67.95,80.89,67.41,46.55,66.42
4_0.5_11,4,0.5,11,66.71,66.35,78.6,64.95,43.89,64.1
4_0.5_13,4,0.5,13,64.6,65.07,76.44,62.6,41.54,62.05
4_0.5_15,4,0.5,15,62.9,63.9,74.91,60.59,40.02,60.464
4_1_1,4,1,1,0,0,0,0,0,0
4_1_3,4,1,3,0,0,0,0,0,0
4_1_5,4,1,5,0,0,0,0,0,0
4_1_7,4,1,7,0,0,0,0,0,0
4_1_9,4,1,9,0,0,0,0,0,0
4_1_11,4,1,11,0,0,0,0,0,0
4_1_13,4,1,13,0,0,0,0,0,0
4_1_15,4,1,15,0,0,0,0,0,0
4_5_1,4,5,1,0,0,0,0,0,0
4_5_3,4,5,3,0,0,0,0,0,0
4_5_5,4,5,5,0,0,0,0,0,0
4_5_7,4,5,7,0,0,0,0,0,0
4_5_9,4,5,9,0,0,0,0,0,0
4_5_11,4,5,11,0,0,0,0,0,0
4_5_13,4,5,13,0,0,0,0,0,0
4_5_15,4,5,15,0,0,0,0,0,0
6_0.0001_1,6,0.0001,1,91.78,92.49,96.58,92.95,82.28,91.216
6_0.0001_3,6,0.0001,3,90.04,89.83,96.38,92.52,77.45,89.244
6_0.0001_5,6,0.0001,5,89.06,87.9,96.13,92.16,74.38,87.926
6_0.0001_7,6,0.0001,7,88.35,86.54,95.88,91.79,71.74,86.86
6_0.0001_9,6,0.0001,9,87.79,85.13,95.63,91.36,69.51,85.884
6_0.0001_11,6,0.0001,11,87.31,83.81,95.38,90.9,67.31,84.942
6_0.0001_13,6,0.0001,13,86.66,82.48,95.13,90.47,65.62,84.072
6_0.0001_15,6,0.0001,15,86.06,81.34,94.86,90,64.16,83.284
6_0.0005_1,6,0.0005,1,91.78,92.49,96.58,92.95,82.28,91.216
6_0.0005_3,6,0.0005,3,90.04,89.83,96.38,92.52,77.45,89.244
6_0.0005_5,6,0.0005,5,89.06,87.9,96.13,92.16,74.38,87.926
6_0.0005_7,6,0.0005,7,88.35,86.54,95.88,91.79,71.74,86.86
6_0.0005_9,6,0.0005,9,87.79,85.13,95.63,91.36,69.51,85.884
6_0.0005_11,6,0.0005,11,87.31,83.81,95.38,90.9,67.31,84.942
6_0.0005_13,6,0.0005,13,86.66,82.48,95.13,90.47,65.62,84.072
6_0.0005_15,6,0.0005,15,86.06,81.34,94.86,90,64.16,83.284
6_0.001_1,6,0.001,1,91.78,92.49,96.58,92.95,82.28,91.216
6_0.001_3,6,0.001,3,90.04,89.83,96.38,92.52,77.45,89.244
6_0.001_5,6,0.001,5,89.06,87.9,96.13,92.16,74.38,87.926
6_0.001_7,6,0.001,7,88.35,86.54,95.88,91.79,71.74,86.86
6_0.001_9,6,0.001,9,87.79,85.13,95.63,91.36,69.51,85.884
6_0.001_11,6,0.001,11,87.31,83.81,95.38,90.9,67.31,84.942
6_0.001_13,6,0.001,13,86.66,82.48,95.13,90.47,65.62,84.072
6_0.001_15,6,0.001,15,86.06,81.34,94.86,90,64.16,83.284
6_0.005_1,6,0.005,1,91.78,92.49,96.58,92.95,82.11,91.182
6_0.005_3,6,0.005,3,90.04,89.83,96.38,92.52,77.1,89.174
6_0.005_5,6,0.005,5,89.06,87.9,96.13,92.16,74.18,87.886
6_0.005_7,6,0.005,7,88.35,86.54,95.88,91.79,71.85,86.882
6_0.005_9,6,0.005,9,87.79,85.13,95.63,91.36,69.9,85.962
6_0.005_11,6,0.005,11,87.31,83.81,95.38,90.9,68.03,85.086
6_0.005_13,6,0.005,13,86.66,82.48,95.13,90.47,66.36,84.22
6_0.005_15,6,0.005,15,86.06,81.34,94.86,90,64.88,83.428
6_0.01_1,6,0.01,1,91.76,92.45,96.58,92.95,82.11,91.17
6_0.01_3,6,0.01,3,90.14,89.78,96.38,92.52,77.1,89.184
6_0.01_5,6,0.01,5,89.38,87.9,96.13,92.16,74.18,87.95
6_0.01_7,6,0.01,7,88.94,86.54,95.88,91.79,71.85,87
6_0.01_9,6,0.01,9,88.53,85.13,95.63,91.36,69.9,86.11
6_0.01_11,6,0.01,11,88.24,83.81,95.38,90.9,68.03,85.272
6_0.01_13,6,0.01,13,87.7,82.61,95.13,90.47,66.36,84.454
6_0.01_15,6,0.01,15,87.33,81.4,94.86,90,64.88,83.694
6_0.05_1,6,0.05,1,91.64,92.39,96.55,92.91,81.98,91.094
6_0.05_3,6,0.05,3,90.11,89.58,96.33,92.1,77.02,89.028
6_0.05_5,6,0.05,5,89.16,87.62,96.09,91.51,74.08,87.692
6_0.05_7,6,0.05,7,88.48,86.1,95.84,90.84,71.74,86.6
6_0.05_9,6,0.05,9,87.93,84.66,95.59,90.28,69.68,85.628
6_0.05_11,6,0.05,11,87.47,83.32,95.34,89.62,67.69,84.688
6_0.05_13,6,0.05,13,86.81,81.96,95.08,88.94,65.69,83.696
6_0.05_15,6,0.05,15,86.42,80.88,94.82,88.26,64.11,82.898
6_0.1_1,6,0.1,1,91.73,92.34,96.55,92.85,81.91,91.076
6_0.1_3,6,0.1,3,89.58,89.29,96.33,91.24,75.78,88.444
6_0.1_5,6,0.1,5,88.47,87.13,96.09,90.35,72.53,86.914
6_0.1_7,6,0.1,7,87.66,85.63,95.84,89.57,70.02,85.744
6_0.1_9,6,0.1,9,86.94,84.07,95.59,88.89,67.79,84.656
6_0.1_11,6,0.1,11,86.28,82.82,95.34,88.04,65.95,83.686
6_0.1_13,6,0.1,13,85.37,81.44,95.08,87.36,64.35,82.72
6_0.1_15,6,0.1,15,84.81,80.53,94.82,86.68,62.9,81.948
6_0.5_1,6,0.5,1,87.31,87,94.27,86.97,74.55,86.02
6_0.5_3,6,0.5,3,81.07,78.03,90.47,79.29,63.14,78.4
6_0.5_5,6,0.5,5,77.08,73.9,87.74,74.89,57.52,74.226
6_0.5_7,6,0.5,7,74.33,70.53,85.25,71.62,53.2,70.986
6_0.5_9,6,0.5,9,71.57,68.49,82.97,68.78,50.55,68.472
6_0.5_11,6,0.5,11,69.48,66.53,80.95,66.51,48.31,66.356
6_0.5_13,6,0.5,13,67.57,65.36,79.05,64.41,46.54,64.586
6_0.5_15,6,0.5,15,65.59,64.26,77.7,62.6,45.46,63.122
6_1_1,6,1,1,0,0,0,0,0,0
6_1_3,6,1,3,0,0,0,0,0,0
6_1_5,6,1,5,0,0,0,0,0,0
6_1_7,6,1,7,0,0,0,0,0,0
6_1_9,6,1,9,0,0,0,0,0,0
6_1_11,6,1,11,0,0,0,0,0,0
6_1_13,6,1,13,0,0,0,0,0,0
6_1_15,6,1,15,0,0,0,0,0,0
6_5_1,6,5,1,0,0,0,0,0,0
6_5_3,6,5,3,0,0,0,0,0,0
6_5_5,6,5,5,0,0,0,0,0,0
6_5_7,6,5,7,0,0,0,0,0,0
6_5_9,6,5,9,0,0,0,0,0,0
6_5_11,6,5,11,0,0,0,0,0,0
6_5_13,6,5,13,0,0,0,0,0,0
6_5_15,6,5,15,0,0,0,0,0,0
8_0.0001_1,8,0.0001,1,91.84,92.52,96.58,92.95,82.29,91.236
8_0.0001_3,8,0.0001,3,90.1,90,96.45,92.52,77.29,89.272
8_0.0001_5,8,0.0001,5,89.1,88.12,96.29,92.16,74.27,87.988
8_0.0001_7,8,0.0001,7,88.41,86.82,96.13,91.79,71.76,86.982
8_0.0001_9,8,0.0001,9,87.84,85.5,95.97,91.36,69.66,86.066
8_0.0001_11,8,0.0001,11,87.43,84.2,95.8,90.9,67.71,85.208
8_0.0001_13,8,0.0001,13,86.97,82.87,95.63,90.47,66.04,84.396
8_0.0001_15,8,0.0001,15,86.4,81.84,95.46,90,64.58,83.656
8_0.0005_1,8,0.0005,1,91.84,92.52,96.58,92.95,82.29,91.236
8_0.0005_3,8,0.0005,3,90.1,90,96.45,92.52,77.29,89.272
8_0.0005_5,8,0.0005,5,89.1,88.12,96.29,92.16,74.27,87.988
8_0.0005_7,8,0.0005,7,88.41,86.82,96.13,91.79,71.76,86.982
8_0.0005_9,8,0.0005,9,87.84,85.5,95.97,91.36,69.66,86.066
8_0.0005_11,8,0.0005,11,87.43,84.2,95.8,90.9,67.71,85.208
8_0.0005_13,8,0.0005,13,86.97,82.87,95.63,90.47,66.04,84.396
8_0.0005_15,8,0.0005,15,86.4,81.84,95.46,90,64.58,83.656
8_0.001_1,8,0.001,1,91.84,92.52,96.58,92.95,82.29,91.236
8_0.001_3,8,0.001,3,90.1,90,96.45,92.52,77.29,89.272
8_0.001_5,8,0.001,5,89.1,88.12,96.29,92.16,74.27,87.988
8_0.001_7,8,0.001,7,88.41,86.82,96.13,91.79,71.76,86.982
8_0.001_9,8,0.001,9,87.84,85.5,95.97,91.36,69.66,86.066
8_0.001_11,8,0.001,11,87.43,84.2,95.8,90.9,67.71,85.208
8_0.001_13,8,0.001,13,86.97,82.87,95.63,90.47,66.04,84.396
8_0.001_15,8,0.001,15,86.4,81.84,95.46,90,64.58,83.656
8_0.005_1,8,0.005,1,91.84,92.48,96.58,92.95,82.29,91.228
8_0.005_3,8,0.005,3,90.1,89.92,96.45,92.52,77.29,89.256
8_0.005_5,8,0.005,5,89.1,88.06,96.29,92.16,74.27,87.976
8_0.005_7,8,0.005,7,88.41,86.77,96.13,91.79,71.76,86.972
8_0.005_9,8,0.005,9,87.84,85.47,95.97,91.36,69.66,86.06
8_0.005_11,8,0.005,11,87.43,84.19,95.8,90.9,67.71,85.206
8_0.005_13,8,0.005,13,86.97,82.82,95.63,90.47,66.04,84.386
8_0.005_15,8,0.005,15,86.4,81.68,95.46,90,64.58,83.624
8_0.01_1,8,0.01,1,91.82,92.48,96.58,92.95,82.1,91.186
8_0.01_3,8,0.01,3,90.48,89.92,96.45,92.52,77.33,89.34
8_0.01_5,8,0.01,5,89.69,88.06,96.29,92.16,74.62,88.164
8_0.01_7,8,0.01,7,89.27,86.77,96.13,91.79,72.41,87.274
8_0.01_9,8,0.01,9,88.85,85.47,95.97,91.36,70.34,86.398
8_0.01_11,8,0.01,11,88.62,84.19,95.8,90.9,68.54,85.61
8_0.01_13,8,0.01,13,88.27,82.82,95.63,90.47,66.88,84.814
8_0.01_15,8,0.01,15,87.94,81.68,95.46,90,65.43,84.102
8_0.05_1,8,0.05,1,91.84,92.48,96.58,93.15,82.11,91.232
8_0.05_3,8,0.05,3,89.72,89.18,96.45,92.46,76.69,88.9
8_0.05_5,8,0.05,5,88.54,86.78,96.29,91.99,73.45,87.41
8_0.05_7,8,0.05,7,87.95,85.03,96.13,91.41,70.65,86.234
8_0.05_9,8,0.05,9,87.37,83.2,95.97,90.92,68.61,85.214
8_0.05_11,8,0.05,11,86.96,81.89,95.8,90.37,66.66,84.336
8_0.05_13,8,0.05,13,86.64,80.64,95.63,89.8,65.08,83.558
8_0.05_15,8,0.05,15,86.22,79.59,95.46,89.21,63.58,82.812
8_0.1_1,8,0.1,1,91.81,92.32,96.55,93.04,81.72,91.088
8_0.1_3,8,0.1,3,89.34,89.55,96.33,91.4,76.21,88.566
8_0.1_5,8,0.1,5,88.18,87.51,96.09,90.51,73.25,87.108
8_0.1_7,8,0.1,7,87.71,86.08,95.84,89.78,70.83,86.048
8_0.1_9,8,0.1,9,87.29,84.65,95.59,89.03,68.79,85.07
8_0.1_11,8,0.1,11,86.91,83.44,95.34,88.18,66.74,84.122
8_0.1_13,8,0.1,13,86.6,82.15,95.08,87.54,65.09,83.292
8_0.1_15,8,0.1,15,86.18,81.11,94.82,86.85,63.56,82.504
8_0.5_1,8,0.5,1,87.61,88.01,94.61,87.68,75.78,86.738
8_0.5_3,8,0.5,3,81.92,79.81,90.97,80.89,64.27,79.572
8_0.5_5,8,0.5,5,78.47,75.62,88.22,76.72,59.23,75.652
8_0.5_7,8,0.5,7,76.52,72.67,85.91,73.32,54.8,72.644
8_0.5_9,8,0.5,9,74.33,70.65,83.81,70.16,52.66,70.322
8_0.5_11,8,0.5,11,72.57,68.61,81.96,67.94,50.24,68.264
8_0.5_13,8,0.5,13,71,67.39,80.24,65.93,48.32,66.576
8_0.5_15,8,0.5,15,69.54,66.25,79.06,64.2,46.99,65.208
8_1_1,8,1,1,0,0,0,0,0,0
8_1_3,8,1,3,0,0,0,0,0,0
8_1_5,8,1,5,0,0,0,0,0,0
8_1_7,8,1,7,0,0,0,0,0,0
8_1_9,8,1,9,0,0,0,0,0,0
8_1_11,8,1,11,0,0,0,0,0,0
8_1_13,8,1,13,0,0,0,0,0,0
8_1_15,8,1,15,0,0,0,0,0,0
8_5_1,8,5,1,0,0,0,0,0,0
8_5_3,8,5,3,0,0,0,0,0,0
8_5_5,8,5,5,0,0,0,0,0,0
8_5_7,8,5,7,0,0,0,0,0,0
8_5_9,8,5,9,0,0,0,0,0,0
8_5_11,8,5,11,0,0,0,0,0,0
8_5_13,8,5,13,0,0,0,0,0,0
8_5_15,8,5,15,0,0,0,0,0,0
10_0.0001_1,10,0.0001,1,91.89,92.54,96.62,93.1,82.35,91.3
10_0.0001_3,10,0.0001,3,90.67,90.27,96.56,92.52,77.15,89.434
10_0.0001_5,10,0.0001,5,89.86,88.58,96.47,92.16,74.08,88.23
10_0.0001_7,10,0.0001,7,89.35,87.21,96.39,91.79,71.6,87.268
10_0.0001_9,10,0.0001,9,88.86,85.84,96.3,91.36,69.71,86.414
10_0.0001_11,10,0.0001,11,88.56,84.55,96.21,90.9,67.97,85.638
10_0.0001_13,10,0.0001,13,88.17,83.36,96.12,90.47,66.51,84.926
10_0.0001_15,10,0.0001,15,87.79,82.24,96.03,90,65.25,84.262
10_0.0005_1,10,0.0005,1,91.89,92.54,96.62,93.1,82.35,91.3
10_0.0005_3,10,0.0005,3,90.67,90.27,96.56,92.52,77.15,89.434
10_0.0005_5,10,0.0005,5,89.86,88.58,96.47,92.16,74.08,88.23
10_0.0005_7,10,0.0005,7,89.35,87.21,96.39,91.79,71.6,87.268
10_0.0005_9,10,0.0005,9,88.86,85.84,96.3,91.36,69.71,86.414
10_0.0005_11,10,0.0005,11,88.56,84.55,96.21,90.9,67.97,85.638
10_0.0005_13,10,0.0005,13,88.17,83.36,96.12,90.47,66.51,84.926
10_0.0005_15,10,0.0005,15,87.79,82.24,96.03,90,65.25,84.262
10_0.001_1,10,0.001,1,91.89,92.54,96.62,93.1,82.35,91.3
10_0.001_3,10,0.001,3,90.67,90.27,96.56,92.52,77.15,89.434
10_0.001_5,10,0.001,5,89.86,88.58,96.47,92.16,74.08,88.23
10_0.001_7,10,0.001,7,89.35,87.21,96.39,91.79,71.6,87.268
10_0.001_9,10,0.001,9,88.86,85.84,96.3,91.36,69.71,86.414
10_0.001_11,10,0.001,11,88.56,84.55,96.21,90.9,67.97,85.638
10_0.001_13,10,0.001,13,88.17,83.36,96.12,90.47,66.51,84.926
10_0.001_15,10,0.001,15,87.79,82.24,96.03,90,65.25,84.262
10_0.005_1,10,0.005,1,91.87,92.54,96.62,92.95,82.35,91.266
10_0.005_3,10,0.005,3,90.48,90.27,96.56,92.52,77.15,89.396
10_0.005_5,10,0.005,5,89.63,88.58,96.47,92.16,74.08,88.184
10_0.005_7,10,0.005,7,88.92,87.21,96.39,91.79,71.6,87.182
10_0.005_9,10,0.005,9,88.34,85.84,96.3,91.36,69.71,86.31
10_0.005_11,10,0.005,11,87.97,84.55,96.21,90.9,67.97,85.52
10_0.005_13,10,0.005,13,87.56,83.36,96.12,90.47,66.51,84.804
10_0.005_15,10,0.005,15,87.06,82.24,96.03,90,65.25,84.116
10_0.01_1,10,0.01,1,91.85,92.57,96.62,92.95,82.32,91.262
10_0.01_3,10,0.01,3,90.21,90.08,96.56,92.52,77.15,89.304
10_0.01_5,10,0.01,5,89.18,88.32,96.47,92.16,74.08,88.042
10_0.01_7,10,0.01,7,88.39,87.03,96.39,91.79,71.6,87.04
10_0.01_9,10,0.01,9,87.73,85.84,96.3,91.36,69.71,86.188
10_0.01_11,10,0.01,11,87.28,84.66,96.21,90.9,67.97,85.404
10_0.01_13,10,0.01,13,86.79,83.52,96.12,90.47,66.51,84.682
10_0.01_15,10,0.01,15,86.23,82.42,96.03,90,65.25,83.986
10_0.05_1,10,0.05,1,91.79,92.44,96.58,93.01,82.15,91.194
10_0.05_3,10,0.05,3,90.39,89.56,96.45,92.49,76.95,89.168
10_0.05_5,10,0.05,5,89.42,87.48,96.29,92.09,73.99,87.854
10_0.05_7,10,0.05,7,88.9,85.84,96.13,91.69,71.68,86.848
10_0.05_9,10,0.05,9,88.37,84.22,95.97,91.24,69.84,85.928
10_0.05_11,10,0.05,11,88.04,82.82,95.8,90.74,68.03,85.086
10_0.05_13,10,0.05,13,87.62,81.62,95.63,90.27,66.62,84.352
10_0.05_15,10,0.05,15,87.19,80.4,95.46,89.78,65.44,83.654
10_0.1_1,10,0.1,1,91.75,92.38,96.58,93.1,81.82,91.126
10_0.1_3,10,0.1,3,89.5,89.6,96.45,92.24,75.78,88.714
10_0.1_5,10,0.1,5,88.23,87.58,96.29,91.7,72.29,87.218
10_0.1_7,10,0.1,7,87.61,85.88,96.13,91.03,69.67,86.064
10_0.1_9,10,0.1,9,87.2,84.39,95.97,90.54,67.82,85.184
10_0.1_11,10,0.1,11,86.82,82.99,95.8,89.98,66.09,84.336
10_0.1_13,10,0.1,13,86.56,81.71,95.63,89.42,64.66,83.596
10_0.1_15,10,0.1,15,86.21,80.5,95.46,88.83,63.3,82.86
10_0.5_1,10,0.5,1,88.2,88.33,94.92,88.23,76.47,87.23
10_0.5_3,10,0.5,3,82.58,80.37,91.7,81.29,65.81,80.35
10_0.5_5,10,0.5,5,79.4,76.49,89.36,77.59,61.14,76.796
10_0.5_7,10,0.5,7,77.38,73.7,87.43,74.74,57.45,74.14
10_0.5_9,10,0.5,9,75.45,71.63,85.81,72.13,55.68,72.14
10_0.5_11,10,0.5,11,73.72,69.93,84.06,69.84,53.24,70.158
10_0.5_13,10,0.5,13,72.32,68.57,82.69,67.97,51.17,68.544
10_0.5_15,10,0.5,15,70.99,67.35,81.35,66.23,49.92,67.168
10_1_1,10,1,1,0,0,0,0,0,0
10_1_3,10,1,3,0,0,0,0,0,0
10_1_5,10,1,5,0,0,0,0,0,0
10_1_7,10,1,7,0,0,0,0,0,0
10_1_9,10,1,9,0,0,0,0,0,0
10_1_11,10,1,11,0,0,0,0,0,0
10_1_13,10,1,13,0,0,0,0,0,0
10_1_15,10,1,15,0,0,0,0,0,0
10_5_1,10,5,1,0,0,0,0,0,0
10_5_3,10,5,3,0,0,0,0,0,0
10_5_5,10,5,5,0,0,0,0,0,0
10_5_7,10,5,7,0,0,0,0,0,0
10_5_9,10,5,9,0,0,0,0,0,0
10_5_11,10,5,11,0,0,0,0,0,0
10_5_13,10,5,13,0,0,0,0,0,0
10_5_15,10,5,15,0,0,0,0,0,0
12_0.0001_1,12,0.0001,1,91.91,92.56,96.62,93.1,82.4,91.318
12_0.0001_3,12,0.0001,3,90.96,90.72,96.56,92.52,77.41,89.634
12_0.0001_5,12,0.0001,5,90.32,89.24,96.47,92.16,74.24,88.486
12_0.0001_7,12,0.0001,7,89.72,88.08,96.39,91.79,71.94,87.584
12_0.0001_9,12,0.0001,9,89.1,87.04,96.3,91.36,69.99,86.758
12_0.0001_11,12,0.0001,11,88.67,86.03,96.21,90.9,68.13,85.988
12_0.0001_13,12,0.0001,13,88.13,85.13,96.12,90.47,66.5,85.27
12_0.0001_15,12,0.0001,15,87.59,84.32,96.03,90,64.99,84.586
12_0.0005_1,12,0.0005,1,91.91,92.56,96.62,93.1,82.4,91.318
12_0.0005_3,12,0.0005,3,90.96,90.72,96.56,92.52,77.41,89.634
12_0.0005_5,12,0.0005,5,90.32,89.24,96.47,92.16,74.24,88.486
12_0.0005_7,12,0.0005,7,89.72,88.08,96.39,91.79,71.94,87.584
12_0.0005_9,12,0.0005,9,89.1,87.04,96.3,91.36,69.99,86.758
12_0.0005_11,12,0.0005,11,88.67,86.03,96.21,90.9,68.13,85.988
12_0.0005_13,12,0.0005,13,88.13,85.13,96.12,90.47,66.5,85.27
12_0.0005_15,12,0.0005,15,87.59,84.32,96.03,90,64.99,84.586
12_0.001_1,12,0.001,1,91.91,92.56,96.62,93.1,82.4,91.318
12_0.001_3,12,0.001,3,90.96,90.72,96.56,92.52,77.41,89.634
12_0.001_5,12,0.001,5,90.32,89.24,96.47,92.16,74.24,88.486
12_0.001_7,12,0.001,7,89.72,88.08,96.39,91.79,71.94,87.584
12_0.001_9,12,0.001,9,89.1,87.04,96.3,91.36,69.99,86.758
12_0.001_11,12,0.001,11,88.67,86.03,96.21,90.9,68.13,85.988
12_0.001_13,12,0.001,13,88.13,85.13,96.12,90.47,66.5,85.27
12_0.001_15,12,0.001,15,87.59,84.32,96.03,90,64.99,84.586
12_0.005_1,12,0.005,1,91.91,92.56,96.62,93.1,82.42,91.322
12_0.005_3,12,0.005,3,90.96,90.72,96.56,92.52,77.31,89.614
12_0.005_5,12,0.005,5,90.32,89.24,96.47,92.16,74.36,88.51
12_0.005_7,12,0.005,7,89.72,88.08,96.39,91.79,72.03,87.602
12_0.005_9,12,0.005,9,89.1,87.04,96.3,91.36,70.1,86.78
12_0.005_11,12,0.005,11,88.67,86.03,96.21,90.9,68.27,86.016
12_0.005_13,12,0.005,13,88.13,85.13,96.12,90.47,66.76,85.322
12_0.005_15,12,0.005,15,87.59,84.32,96.03,90,65.37,84.662
12_0.01_1,12,0.01,1,91.9,92.54,96.62,93,82.42,91.296
12_0.01_3,12,0.01,3,90.83,90.72,96.56,92.52,77.31,89.588
12_0.01_5,12,0.01,5,90.02,89.24,96.47,92.16,74.36,88.45
12_0.01_7,12,0.01,7,89.25,88.08,96.39,91.79,72.03,87.508
12_0.01_9,12,0.01,9,88.58,87.04,96.3,91.36,70.1,86.676
12_0.01_11,12,0.01,11,88.07,86.03,96.21,90.9,68.27,85.896
12_0.01_13,12,0.01,13,87.52,85.13,96.12,90.47,66.76,85.2
12_0.01_15,12,0.01,15,86.96,84.32,96.03,90,65.37,84.536
12_0.05_1,12,0.05,1,91.71,92.58,96.58,92.95,82.31,91.226
12_0.05_3,12,0.05,3,90.42,89.85,96.45,92.52,77.47,89.342
12_0.05_5,12,0.05,5,89.52,87.91,96.29,92.16,74.36,88.048
12_0.05_7,12,0.05,7,88.96,86.43,96.13,91.79,71.84,87.03
12_0.05_9,12,0.05,9,88.42,84.94,95.97,91.36,69.92,86.122
12_0.05_11,12,0.05,11,88.07,83.69,95.8,90.9,68.18,85.328
12_0.05_13,12,0.05,13,87.61,82.63,95.63,90.47,66.67,84.602
12_0.05_15,12,0.05,15,87.17,81.56,95.46,90,65.37,83.912
12_0.1_1,12,0.1,1,91.81,92.38,96.58,93.12,82.05,91.188
12_0.1_3,12,0.1,3,89.78,89.6,96.45,92.46,76.73,89.004
12_0.1_5,12,0.1,5,88.56,87.58,96.29,91.99,73.62,87.608
12_0.1_7,12,0.1,7,87.96,85.88,96.13,91.41,71.18,86.512
12_0.1_9,12,0.1,9,87.55,84.39,95.97,90.92,69.3,85.626
12_0.1_11,12,0.1,11,87.17,82.99,95.8,90.37,67.53,84.772
12_0.1_13,12,0.1,13,86.89,81.71,95.63,89.8,66.07,84.02
12_0.1_15,12,0.1,15,86.51,80.5,95.46,89.21,64.72,83.28
12_0.5_1,12,0.5,1,88.67,88.99,94.91,88.53,77.7,87.76
12_0.5_3,12,0.5,3,83.61,81.29,92.26,82.32,66.46,81.188
12_0.5_5,12,0.5,5,81.18,77.02,90.15,78.89,61.61,77.77
12_0.5_7,12,0.5,7,79.49,73.61,88.37,76,58.07,75.108
12_0.5_9,12,0.5,9,77.85,71.63,86.68,73.36,56.35,73.174
12_0.5_11,12,0.5,11,76.43,70,84.84,71.18,53.91,71.272
12_0.5_13,12,0.5,13,75.43,68.72,83.47,69.39,52.19,69.84
12_0.5_15,12,0.5,15,74.33,67.58,82.13,67.52,50.97,68.506
12_1_1,12,1,1,0,0,0,0,0,0
12_1_3,12,1,3,0,0,0,0,0,0
12_1_5,12,1,5,0,0,0,0,0,0
12_1_7,12,1,7,0,0,0,0,0,0
12_1_9,12,1,9,0,0,0,0,0,0
12_1_11,12,1,11,0,0,0,0,0,0
12_1_13,12,1,13,0,0,0,0,0,0
12_1_15,12,1,15,0,0,0,0,0,0
12_5_1,12,5,1,0,0,0,0,0,0
12_5_3,12,5,3,0,0,0,0,0,0
12_5_5,12,5,5,0,0,0,0,0,0
12_5_7,12,5,7,0,0,0,0,0,0
12_5_9,12,5,9,0,0,0,0,0,0
12_5_11,12,5,11,0,0,0,0,0,0
12_5_13,12,5,13,0,0,0,0,0,0
12_5_15,12,5,15,0,0,0,0,0,0
14_0.0001_1,14,0.0001,1,92.01,92.6,96.69,93.12,82.4,91.364
14_0.0001_3,14,0.0001,3,91.1,90.66,96.61,92.47,77.35,89.638
14_0.0001_5,14,0.0001,5,90.51,89.23,96.49,92.05,74.14,88.484
14_0.0001_7,14,0.0001,7,89.98,88.23,96.39,91.6,71.83,87.606
14_0.0001_9,14,0.0001,9,89.44,87.24,96.3,91.08,69.89,86.79
14_0.0001_11,14,0.0001,11,89.06,86.31,96.21,90.54,68.09,86.042
14_0.0001_13,14,0.0001,13,88.58,85.44,96.12,90.02,66.53,85.338
14_0.0001_15,14,0.0001,15,88.11,84.7,96.03,89.47,65.02,84.666
14_0.0005_1,14,0.0005,1,92.01,92.6,96.69,93.12,82.4,91.364
14_0.0005_3,14,0.0005,3,91.1,90.66,96.61,92.47,77.35,89.638
14_0.0005_5,14,0.0005,5,90.51,89.23,96.49,92.05,74.14,88.484
14_0.0005_7,14,0.0005,7,89.98,88.23,96.39,91.6,71.83,87.606
14_0.0005_9,14,0.0005,9,89.44,87.24,96.3,91.08,69.89,86.79
14_0.0005_11,14,0.0005,11,89.06,86.31,96.21,90.54,68.09,86.042
14_0.0005_13,14,0.0005,13,88.58,85.44,96.12,90.02,66.53,85.338
14_0.0005_15,14,0.0005,15,88.11,84.7,96.03,89.47,65.02,84.666
14_0.001_1,14,0.001,1,92.01,92.6,96.69,93.12,82.4,91.364
14_0.001_3,14,0.001,3,91.1,90.66,96.61,92.47,77.35,89.638
14_0.001_5,14,0.001,5,90.51,89.23,96.49,92.05,74.14,88.484
14_0.001_7,14,0.001,7,89.98,88.23,96.39,91.6,71.83,87.606
14_0.001_9,14,0.001,9,89.44,87.24,96.3,91.08,69.89,86.79
14_0.001_11,14,0.001,11,89.06,86.31,96.21,90.54,68.09,86.042
14_0.001_13,14,0.001,13,88.58,85.44,96.12,90.02,66.53,85.338
14_0.001_15,14,0.001,15,88.11,84.7,96.03,89.47,65.02,84.666
14_0.005_1,14,0.005,1,92.01,92.6,96.69,93.12,82.4,91.364
14_0.005_3,14,0.005,3,91.1,90.66,96.61,92.47,77.35,89.638
14_0.005_5,14,0.005,5,90.51,89.23,96.49,92.05,74.14,88.484
14_0.005_7,14,0.005,7,89.98,88.23,96.39,91.6,71.83,87.606
14_0.005_9,14,0.005,9,89.44,87.24,96.3,91.08,69.89,86.79
14_0.005_11,14,0.005,11,89.06,86.31,96.21,90.54,68.09,86.042
14_0.005_13,14,0.005,13,88.58,85.44,96.12,90.02,66.53,85.338
14_0.005_15,14,0.005,15,88.11,84.7,96.03,89.47,65.02,84.666
14_0.01_1,14,0.01,1,92.01,92.6,96.62,93.12,82.4,91.35
14_0.01_3,14,0.01,3,91.1,90.66,96.56,92.47,77.35,89.628
14_0.01_5,14,0.01,5,90.51,89.23,96.47,92.05,74.14,88.48
14_0.01_7,14,0.01,7,89.98,88.23,96.39,91.6,71.83,87.606
14_0.01_9,14,0.01,9,89.44,87.24,96.3,91.08,69.89,86.79
14_0.01_11,14,0.01,11,89.06,86.31,96.21,90.54,68.09,86.042
14_0.01_13,14,0.01,13,88.58,85.44,96.12,90.02,66.53,85.338
14_0.01_15,14,0.01,15,88.11,84.7,96.03,89.47,65.02,84.666
14_0.05_1,14,0.05,1,91.93,92.58,96.62,93.02,82.31,91.292
14_0.05_3,14,0.05,3,90.47,89.85,96.56,92.47,77.43,89.356
14_0.05_5,14,0.05,5,89.63,87.91,96.47,92.05,74.52,88.116
14_0.05_7,14,0.05,7,88.97,86.43,96.39,91.6,72.22,87.122
14_0.05_9,14,0.05,9,88.33,84.94,96.3,91.08,70.5,86.23
14_0.05_11,14,0.05,11,87.91,83.69,96.21,90.54,68.93,85.456
14_0.05_13,14,0.05,13,87.41,82.63,96.12,90.02,67.51,84.738
14_0.05_15,14,0.05,15,86.9,81.56,96.03,89.47,66.49,84.09
14_0.1_1,14,0.1,1,91.81,92.45,96.58,93.12,82.05,91.202
14_0.1_3,14,0.1,3,89.92,89.71,96.45,92.46,76.73,89.054
14_0.1_5,14,0.1,5,88.57,87.76,96.29,91.99,73.62,87.646
14_0.1_7,14,0.1,7,87.86,86.14,96.13,91.41,71.18,86.544
14_0.1_9,14,0.1,9,87.41,84.74,95.97,90.92,69.3,85.668
14_0.1_11,14,0.1,11,87.03,83.41,95.8,90.37,67.53,84.828
14_0.1_13,14,0.1,13,86.77,82.11,95.63,89.8,66.07,84.076
14_0.1_15,14,0.1,15,86.42,80.84,95.46,89.21,64.72,83.33
14_0.5_1,14,0.5,1,88.74,89.62,95.14,88.91,77.54,87.99
14_0.5_3,14,0.5,3,84.02,81.56,91.88,82.71,66.37,81.308
14_0.5_5,14,0.5,5,81.76,77.52,89.56,79.46,61.81,78.022
14_0.5_7,14,0.5,7,79.93,74.59,87.6,76.76,58.41,75.458
14_0.5_9,14,0.5,9,78.32,72.75,85.9,74.29,56.76,73.604
14_0.5_11,14,0.5,11,77.02,71.34,84.06,72.28,54.08,71.756
14_0.5_13,14,0.5,13,75.92,70.18,82.69,70.61,52.83,70.446
14_0.5_15,14,0.5,15,74.79,69.04,81.35,69.01,51.78,69.194
14_1_1,14,1,1,0,0,0,0,0,0
14_1_3,14,1,3,0,0,0,0,0,0
14_1_5,14,1,5,0,0,0,0,0,0
14_1_7,14,1,7,0,0,0,0,0,0
14_1_9,14,1,9,0,0,0,0,0,0
14_1_11,14,1,11,0,0,0,0,0,0
14_1_13,14,1,13,0,0,0,0,0,0
14_1_15,14,1,15,0,0,0,0,0,0
14_5_1,14,5,1,0,0,0,0,0,0
14_5_3,14,5,3,0,0,0,0,0,0
14_5_5,14,5,5,0,0,0,0,0,0
14_5_7,14,5,7,0,0,0,0,0,0
14_5_9,14,5,9,0,0,0,0,0,0
14_5_11,14,5,11,0,0,0,0,0,0
14_5_13,14,5,13,0,0,0,0,0,0
14_5_15,14,5,15,0,0,0,0,0,0
16_0.0001_1,16,0.0001,1,92.01,92.6,96.69,93.12,82.43,91.37
16_0.0001_3,16,0.0001,3,91.05,90.6,96.61,92.47,77.17,89.58
16_0.0001_5,16,0.0001,5,90.51,89.09,96.49,92.05,74.09,88.446
16_0.0001_7,16,0.0001,7,89.98,87.93,96.39,91.6,71.68,87.516
16_0.0001_9,16,0.0001,9,89.44,86.84,96.3,91.08,69.67,86.666
16_0.0001_11,16,0.0001,11,89.06,85.84,96.21,90.54,67.82,85.894
16_0.0001_13,16,0.0001,13,88.58,84.89,96.12,90.02,66.3,85.182
16_0.0001_15,16,0.0001,15,88.11,84.07,96.03,89.47,64.84,84.504
16_0.0005_1,16,0.0005,1,92.01,92.6,96.69,93.12,82.43,91.37
16_0.0005_3,16,0.0005,3,91.05,90.6,96.61,92.47,77.17,89.58
16_0.0005_5,16,0.0005,5,90.51,89.09,96.49,92.05,74.09,88.446
16_0.0005_7,16,0.0005,7,89.98,87.93,96.39,91.6,71.68,87.516
16_0.0005_9,16,0.0005,9,89.44,86.84,96.3,91.08,69.67,86.666
16_0.0005_11,16,0.0005,11,89.06,85.84,96.21,90.54,67.82,85.894
16_0.0005_13,16,0.0005,13,88.58,84.89,96.12,90.02,66.3,85.182
16_0.0005_15,16,0.0005,15,88.11,84.07,96.03,89.47,64.84,84.504
16_0.001_1,16,0.001,1,92.01,92.6,96.69,93.12,82.43,91.37
16_0.001_3,16,0.001,3,91.05,90.6,96.61,92.47,77.17,89.58
16_0.001_5,16,0.001,5,90.51,89.09,96.49,92.05,74.09,88.446
16_0.001_7,16,0.001,7,89.98,87.93,96.39,91.6,71.68,87.516
16_0.001_9,16,0.001,9,89.44,86.84,96.3,91.08,69.67,86.666
16_0.001_11,16,0.001,11,89.06,85.84,96.21,90.54,67.82,85.894
16_0.001_13,16,0.001,13,88.58,84.89,96.12,90.02,66.3,85.182
16_0.001_15,16,0.001,15,88.11,84.07,96.03,89.47,64.84,84.504
16_0.005_1,16,0.005,1,92.01,92.6,96.69,93.12,82.39,91.362
16_0.005_3,16,0.005,3,91.05,90.6,96.61,92.47,77.83,89.712
16_0.005_5,16,0.005,5,90.51,89.09,96.49,92.05,75.03,88.634
16_0.005_7,16,0.005,7,89.98,87.93,96.39,91.6,72.78,87.736
16_0.005_9,16,0.005,9,89.44,86.84,96.3,91.08,70.92,86.916
16_0.005_11,16,0.005,11,89.06,85.84,96.21,90.54,69.17,86.164
16_0.005_13,16,0.005,13,88.58,84.89,96.12,90.02,67.65,85.452
16_0.005_15,16,0.005,15,88.11,84.07,96.03,89.47,66.33,84.802
16_0.01_1,16,0.01,1,92.01,92.6,96.69,93.12,82.4,91.364
16_0.01_3,16,0.01,3,91.05,90.6,96.61,92.47,77.95,89.736
16_0.01_5,16,0.01,5,90.51,89.09,96.49,92.05,74.72,88.572
16_0.01_7,16,0.01,7,89.98,87.93,96.39,91.6,72.49,87.678
16_0.01_9,16,0.01,9,89.44,86.84,96.3,91.08,70.62,86.856
16_0.01_11,16,0.01,11,89.06,85.84,96.21,90.54,68.92,86.114
16_0.01_13,16,0.01,13,88.58,84.89,96.12,90.02,67.36,85.394
16_0.01_15,16,0.01,15,88.11,84.07,96.03,89.47,65.99,84.734
16_0.05_1,16,0.05,1,91.96,92.58,96.62,93.02,82.39,91.314
16_0.05_3,16,0.05,3,90.99,90.36,96.56,92.47,77.37,89.55
16_0.05_5,16,0.05,5,90.24,88.65,96.47,92.05,74.16,88.314
16_0.05_7,16,0.05,7,89.58,87.3,96.39,91.6,71.78,87.33
16_0.05_9,16,0.05,9,88.9,85.95,96.3,91.08,69.97,86.44
16_0.05_11,16,0.05,11,88.42,84.85,96.21,90.54,68.41,85.686
16_0.05_13,16,0.05,13,87.84,83.95,96.12,90.02,66.98,84.982
16_0.05_15,16,0.05,15,87.25,83.06,96.03,89.47,65.97,84.356
16_0.1_1,16,0.1,1,91.87,92.45,96.58,93.2,82.29,91.278
16_0.1_3,16,0.1,3,89.98,89.71,96.45,92.55,77.24,89.186
16_0.1_5,16,0.1,5,88.65,87.76,96.29,92.09,74.17,87.792
16_0.1_7,16,0.1,7,87.99,86.14,96.13,91.7,71.92,86.776
16_0.1_9,16,0.1,9,87.4,84.74,95.97,91.25,70.09,85.89
16_0.1_11,16,0.1,11,87.03,83.41,95.8,90.78,68.38,85.08
16_0.1_13,16,0.1,13,86.77,82.11,95.63,90.3,66.93,84.348
16_0.1_15,16,0.1,15,86.47,80.84,95.46,89.8,65.41,83.596
16_0.5_1,16,0.5,1,89.18,89.62,95.39,89.43,77.93,88.31
16_0.5_3,16,0.5,3,84.17,81.85,92.12,83.16,67.25,81.71
16_0.5_5,16,0.5,5,81.89,77.94,89.91,79.97,62.19,78.38
16_0.5_7,16,0.5,7,80.09,75.28,88.04,77.31,59.03,75.95
16_0.5_9,16,0.5,9,78.48,73.52,86.42,74.86,57.14,74.084
16_0.5_11,16,0.5,11,77.18,72.19,84.65,72.68,54.81,72.302
16_0.5_13,16,0.5,13,76.08,71.08,83.36,71.12,53.48,71.024
16_0.5_15,16,0.5,15,74.65,70.02,82.11,69.71,52.13,69.724
16_1_1,16,1,1,0,0,0,0,0,0
16_1_3,16,1,3,0,0,0,0,0,0
16_1_5,16,1,5,0,0,0,0,0,0
16_1_7,16,1,7,0,0,0,0,0,0
16_1_9,16,1,9,0,0,0,0,0,0
16_1_11,16,1,11,0,0,0,0,0,0
16_1_13,16,1,13,0,0,0,0,0,0
16_1_15,16,1,15,0,0,0,0,0,0
16_5_1,16,5,1,0,0,0,0,0,0
16_5_3,16,5,3,0,0,0,0,0,0
16_5_5,16,5,5,0,0,0,0,0,0
16_5_7,16,5,7,0,0,0,0,0,0
16_5_9,16,5,9,0,0,0,0,0,0
16_5_11,16,5,11,0,0,0,0,0,0
16_5_13,16,5,13,0,0,0,0,0,0
16_5_15,16,5,15,0,0,0,0,0,0
18_0.0001_1,18,0.0001,1,92.02,92.62,96.61,93.14,82.46,91.37
18_0.0001_3,18,0.0001,3,90.93,90.21,96.61,92.47,77.45,89.534
18_0.0001_5,18,0.0001,5,90.34,88.45,96.61,92.05,74.04,88.298
18_0.0001_7,18,0.0001,7,89.76,87.09,96.61,91.6,71.69,87.35
18_0.0001_9,18,0.0001,9,89.16,85.81,96.61,91.08,69.62,86.456
18_0.0001_11,18,0.0001,11,88.72,84.83,96.61,90.54,67.83,85.706
18_0.0001_13,18,0.0001,13,88.16,83.87,96.61,90.02,66.25,84.982
18_0.0001_15,18,0.0001,15,87.59,82.95,96.61,89.47,64.73,84.27
18_0.0005_1,18,0.0005,1,92.02,92.62,96.61,93.14,82.46,91.37
18_0.0005_3,18,0.0005,3,90.93,90.21,96.61,92.47,77.45,89.534
18_0.0005_5,18,0.0005,5,90.34,88.45,96.61,92.05,74.04,88.298
18_0.0005_7,18,0.0005,7,89.76,87.09,96.61,91.6,71.69,87.35
18_0.0005_9,18,0.0005,9,89.16,85.81,96.61,91.08,69.62,86.456
18_0.0005_11,18,0.0005,11,88.72,84.83,96.61,90.54,67.83,85.706
18_0.0005_13,18,0.0005,13,88.16,83.87,96.61,90.02,66.25,84.982
18_0.0005_15,18,0.0005,15,87.59,82.95,96.61,89.47,64.73,84.27
18_0.001_1,18,0.001,1,92.02,92.6,96.61,93.14,82.46,91.366
18_0.001_3,18,0.001,3,90.93,90.23,96.61,92.47,77.45,89.538
18_0.001_5,18,0.001,5,90.34,88.48,96.61,92.05,74.04,88.304
18_0.001_7,18,0.001,7,89.76,87.13,96.61,91.6,71.69,87.358
18_0.001_9,18,0.001,9,89.16,85.81,96.61,91.08,69.62,86.456
18_0.001_11,18,0.001,11,88.72,84.85,96.61,90.54,67.83,85.71
18_0.001_13,18,0.001,13,88.16,83.92,96.61,90.02,66.25,84.992
18_0.001_15,18,0.001,15,87.59,83.12,96.61,89.47,64.73,84.304
18_0.005_1,18,0.005,1,92.01,92.6,96.61,93.14,82.46,91.364
18_0.005_3,18,0.005,3,91.05,90.23,96.61,92.47,77.45,89.562
18_0.005_5,18,0.005,5,90.51,88.48,96.61,92.05,74.04,88.338
18_0.005_7,18,0.005,7,89.98,87.13,96.61,91.6,71.69,87.402
18_0.005_9,18,0.005,9,89.44,85.81,96.61,91.08,69.62,86.512
18_0.005_11,18,0.005,11,89.06,84.85,96.61,90.54,67.83,85.778
18_0.005_13,18,0.005,13,88.58,83.92,96.61,90.02,66.25,85.076
18_0.005_15,18,0.005,15,88.11,83.12,96.61,89.47,64.73,84.408
18_0.01_1,18,0.01,1,92.01,92.6,96.61,93.14,82.46,91.364
18_0.01_3,18,0.01,3,91.05,90.23,96.61,92.47,77.45,89.562
18_0.01_5,18,0.01,5,90.51,88.48,96.61,92.05,74.04,88.338
18_0.01_7,18,0.01,7,89.98,87.13,96.61,91.6,71.69,87.402
18_0.01_9,18,0.01,9,89.44,85.81,96.61,91.08,69.62,86.512
18_0.01_11,18,0.01,11,89.06,84.85,96.61,90.54,67.83,85.778
18_0.01_13,18,0.01,13,88.58,83.92,96.61,90.02,66.25,85.076
18_0.01_15,18,0.01,15,88.11,83.12,96.61,89.47,64.73,84.408
18_0.05_1,18,0.05,1,92.04,92.58,96.61,93.02,82.36,91.322
18_0.05_3,18,0.05,3,91.17,89.98,96.61,92.47,77.8,89.606
18_0.05_5,18,0.05,5,90.46,88.04,96.61,92.05,74.83,88.398
18_0.05_7,18,0.05,7,89.89,86.49,96.61,91.6,72.63,87.444
18_0.05_9,18,0.05,9,89.31,84.92,96.61,91.08,70.6,86.504
18_0.05_11,18,0.05,11,88.87,83.86,96.61,90.54,68.93,85.762
18_0.05_13,18,0.05,13,88.33,82.98,96.61,90.02,67.45,85.078
18_0.05_15,18,0.05,15,87.82,82.1,96.61,89.47,66.12,84.424
18_0.1_1,18,0.1,1,91.89,92.47,96.61,93.08,82.26,91.262
18_0.1_3,18,0.1,3,89.97,89.45,96.61,92.44,77.27,89.148
18_0.1_5,18,0.1,5,88.9,87.27,96.61,91.99,74.24,87.802
18_0.1_7,18,0.1,7,88.11,85.55,96.61,91.5,72.08,86.77
18_0.1_9,18,0.1,9,87.35,83.83,96.61,90.96,70.07,85.764
18_0.1_11,18,0.1,11,86.77,82.55,96.61,90.38,68.2,84.902
18_0.1_13,18,0.1,13,86.32,81.45,96.61,89.83,66.65,84.172
18_0.1_15,18,0.1,15,85.92,80.35,96.61,89.24,65.04,83.432
18_0.5_1,18,0.5,1,89.68,89.72,95.24,89.78,78.02,88.488
18_0.5_3,18,0.5,3,84.53,82.31,92.31,84.5,67.53,82.236
18_0.5_5,18,0.5,5,82.21,78.33,90.31,81.48,62.65,78.996
18_0.5_7,18,0.5,7,80.57,75.72,88.65,78.84,59.65,76.686
18_0.5_9,18,0.5,9,79.32,74.04,87.2,76.29,57.69,74.908
18_0.5_11,18,0.5,11,78.16,72.69,85.56,74.41,55.51,73.266
18_0.5_13,18,0.5,13,77.13,71.51,84.32,72.74,53.99,71.938
18_0.5_15,18,0.5,15,76.07,70.45,83.07,71.18,52.2,70.594
18_1_1,18,1,1,0,0,0,0,0,0
18_1_3,18,1,3,0,0,0,0,0,0
18_1_5,18,1,5,0,0,0,0,0,0
18_1_7,18,1,7,0,0,0,0,0,0
18_1_9,18,1,9,0,0,0,0,0,0
18_1_11,18,1,11,0,0,0,0,0,0
18_1_13,18,1,13,0,0,0,0,0,0
18_1_15,18,1,15,0,0,0,0,0,0
18_5_1,18,5,1,0,0,0,0,0,0
18_5_3,18,5,3,0,0,0,0,0,0
18_5_5,18,5,5,0,0,0,0,0,0
18_5_7,18,5,7,0,0,0,0,0,0
18_5_9,18,5,9,0,0,0,0,0,0
18_5_11,18,5,11,0,0,0,0,0,0
18_5_13,18,5,13,0,0,0,0,0,0
18_5_15,18,5,15,0,0,0,0,0,0
20_0.0001_1,20,0.0001,1,92.02,92.55,96.61,93.31,82.42,91.382
20_0.0001_3,20,0.0001,3,90.93,90.51,96.61,92.53,77.49,89.614
20_0.0001_5,20,0.0001,5,90.34,89.06,96.61,92.11,74.27,88.478
20_0.0001_7,20,0.0001,7,89.76,87.98,96.61,91.68,72.03,87.612
20_0.0001_9,20,0.0001,9,89.16,86.88,96.61,91.2,69.98,86.766
20_0.0001_11,20,0.0001,11,88.72,85.91,96.61,90.66,68.11,86.002
20_0.0001_13,20,0.0001,13,88.16,84.95,96.61,90.13,66.41,85.252
20_0.0001_15,20,0.0001,15,87.59,83.98,96.61,89.58,64.86,84.524
20_0.0005_1,20,0.0005,1,92.02,92.55,96.61,93.31,82.42,91.382
20_0.0005_3,20,0.0005,3,90.93,90.51,96.61,92.53,77.49,89.614
20_0.0005_5,20,0.0005,5,90.34,89.06,96.61,92.11,74.27,88.478
20_0.0005_7,20,0.0005,7,89.76,87.98,96.61,91.68,72.03,87.612
20_0.0005_9,20,0.0005,9,89.16,86.88,96.61,91.2,69.98,86.766
20_0.0005_11,20,0.0005,11,88.72,85.91,96.61,90.66,68.11,86.002
20_0.0005_13,20,0.0005,13,88.16,84.95,96.61,90.13,66.41,85.252
20_0.0005_15,20,0.0005,15,87.59,83.98,96.61,89.58,64.86,84.524
20_0.001_1,20,0.001,1,92.02,92.55,96.61,93.17,82.42,91.354
20_0.001_3,20,0.001,3,90.93,90.51,96.61,92.53,77.49,89.614
20_0.001_5,20,0.001,5,90.34,89.06,96.61,92.11,74.27,88.478
20_0.001_7,20,0.001,7,89.76,87.98,96.61,91.68,72.03,87.612
20_0.001_9,20,0.001,9,89.16,86.88,96.61,91.2,69.98,86.766
20_0.001_11,20,0.001,11,88.72,85.91,96.61,90.66,68.11,86.002
20_0.001_13,20,0.001,13,88.16,84.95,96.61,90.13,66.41,85.252
20_0.001_15,20,0.001,15,87.59,83.98,96.61,89.58,64.86,84.524
20_0.005_1,20,0.005,1,92.02,92.55,96.61,93.14,82.42,91.348
20_0.005_3,20,0.005,3,90.93,90.51,96.61,92.47,77.49,89.602
20_0.005_5,20,0.005,5,90.34,89.06,96.61,92.05,74.27,88.466
20_0.005_7,20,0.005,7,89.76,87.98,96.61,91.6,72.03,87.596
20_0.005_9,20,0.005,9,89.16,86.88,96.61,91.08,69.98,86.742
20_0.005_11,20,0.005,11,88.72,85.91,96.61,90.54,68.11,85.978
20_0.005_13,20,0.005,13,88.16,84.95,96.61,90.02,66.41,85.23
20_0.005_15,20,0.005,15,87.59,83.98,96.61,89.47,64.86,84.502
20_0.01_1,20,0.01,1,92.02,92.55,96.61,93.14,82.42,91.348
20_0.01_3,20,0.01,3,90.93,90.51,96.61,92.47,77.49,89.602
20_0.01_5,20,0.01,5,90.34,89.06,96.61,92.05,74.27,88.466
20_0.01_7,20,0.01,7,89.76,87.98,96.61,91.6,72.03,87.596
20_0.01_9,20,0.01,9,89.16,86.88,96.61,91.08,69.98,86.742
20_0.01_11,20,0.01,11,88.72,85.91,96.61,90.54,68.11,85.978
20_0.01_13,20,0.01,13,88.16,84.95,96.61,90.02,66.41,85.23
20_0.01_15,20,0.01,15,87.59,83.98,96.61,89.47,64.86,84.502
20_0.05_1,20,0.05,1,92.02,92.52,96.61,93.14,82.36,91.33
20_0.05_3,20,0.05,3,90.89,90.52,96.61,92.44,77.8,89.652
20_0.05_5,20,0.05,5,90.29,89.09,96.61,92.02,74.83,88.568
20_0.05_7,20,0.05,7,89.7,88.02,96.61,91.57,72.63,87.706
20_0.05_9,20,0.05,9,89.11,86.88,96.61,91.06,70.57,86.846
20_0.05_11,20,0.05,11,88.66,85.89,96.61,90.51,68.9,86.114
20_0.05_13,20,0.05,13,88.11,84.92,96.61,90,67.44,85.416
20_0.05_15,20,0.05,15,87.55,84,96.61,89.44,66.11,84.742
20_0.1_1,20,0.1,1,91.97,92.41,96.61,93.04,82.32,91.27
20_0.1_3,20,0.1,3,89.92,89.15,96.61,92.44,77.53,89.13
20_0.1_5,20,0.1,5,88.74,87.02,96.61,92.02,74.87,87.852
20_0.1_7,20,0.1,7,87.97,85.53,96.61,91.57,72.78,86.892
20_0.1_9,20,0.1,9,87.26,84.01,96.61,91.06,70.71,85.93
20_0.1_11,20,0.1,11,86.81,82.72,96.61,90.51,69.13,85.156
20_0.1_13,20,0.1,13,86.34,81.5,96.61,90,67.56,84.402
20_0.1_15,20,0.1,15,85.86,80.52,96.61,89.44,66.34,83.754
20_0.5_1,20,0.5,1,89.68,89.8,95.24,89.95,78.12,88.558
20_0.5_3,20,0.5,3,84.9,82.52,92.31,85,67.49,82.444
20_0.5_5,20,0.5,5,82.73,78.55,90.31,82.06,62.58,79.246
20_0.5_7,20,0.5,7,81.16,75.72,88.65,79.4,59.72,76.93
20_0.5_9,20,0.5,9,79.88,74.04,87.2,76.81,57.76,75.138
20_0.5_11,20,0.5,11,78.75,72.69,85.56,74.98,55.77,73.55
20_0.5_13,20,0.5,13,77.8,71.51,84.32,73.39,54.13,72.23
20_0.5_15,20,0.5,15,76.82,70.45,83.07,71.91,52.46,70.942
20_1_1,20,1,1,0,0,0,0,0,0
20_1_3,20,1,3,0,0,0,0,0,0
20_1_5,20,1,5,0,0,0,0,0,0
20_1_7,20,1,7,0,0,0,0,0,0
20_1_9,20,1,9,0,0,0,0,0,0
20_1_11,20,1,11,0,0,0,0,0,0
20_1_13,20,1,13,0,0,0,0,0,0
20_1_15,20,1,15,0,0,0,0,0,0
20_5_1,20,5,1,0,0,0,0,0,0
20_5_3,20,5,3,0,0,0,0,0,0
20_5_5,20,5,5,0,0,0,0,0,0
20_5_7,20,5,7,0,0,0,0,0,0
20_5_9,20,5,9,0,0,0,0,0,0
20_5_11,20,5,11,0,0,0,0,0,0
20_5_13,20,5,13,0,0,0,0,0,0
20_5_15,20,5,15,0,0,0,0,0,0